{
  "project_info": {
    "project_number": "853399373310",
    "firebase_url": "https://njangi-6e1ea-default-rtdb.firebaseio.com",
    "project_id": "njangi-6e1ea",
    "storage_bucket": "njangi-6e1ea.appspot.com"
  },
  "client": [
    {
      "client_info": {
        "mobilesdk_app_id": "1:853399373310:android:0506818e7e88d7de9facaf",
        "android_client_info": {
          "package_name": "com.example.adchat"
        }
      },
      "oauth_client": [
        {
          "client_id": "853399373310-1fb536vu7jargtrv73tm13jste9bhr0p.apps.googleusercontent.com",
          "client_type": 1,
          "android_info": {
            "package_name": "com.example.adchat",
            "certificate_hash": "9e86091e7bf41b690edd7689f1d189c3080570fa"
          }
        },
        {
          "client_id": "853399373310-63acgnsjekp79e3be92el1jqev0ht0ve.apps.googleusercontent.com",
          "client_type": 1,
          "android_info": {
            "package_name": "com.example.adchat",
            "certificate_hash": "4d5c9b720093de7623d204209c2151e6018be4dd"
          }
        },
        {
          "client_id": "853399373310-7ngo9h5pq53jebbvfadh1psa9oki1as1.apps.googleusercontent.com",
          "client_type": 3
        }
      ],
      "api_key": [
        {
          "current_key": "AIzaSyAlIsqDqL_eLLRNsj2yTZpaMib1czfoVCU"
        }
      ],
      "services": {
        "appinvite_service": {
          "other_platform_oauth_client": [
            {
              "client_id": "853399373310-6gsrft3lo1o49fmdl0h0tvuh4nbekg02.apps.googleusercontent.com",
              "client_type": 3
            },
            {
              "client_id": "853399373310-487g65edn31g9vheik5klofkt3jtu9qr.apps.googleusercontent.com",
              "client_type": 2,
              "ios_info": {
                "bundle_id": "net.appdevs.adgram"
              }
            }
          ]
        }
      }
    },
    {
      "client_info": {
        "mobilesdk_app_id": "1:853399373310:android:92df939d97f000ae9facaf",
        "android_client_info": {
          "package_name": "com.example.flutterfire_test"
        }
      },
      "oauth_client": [
        {
          "client_id": "853399373310-7ngo9h5pq53jebbvfadh1psa9oki1as1.apps.googleusercontent.com",
          "client_type": 3
        }
      ],
      "api_key": [
        {
          "current_key": "AIzaSyAlIsqDqL_eLLRNsj2yTZpaMib1czfoVCU"
        }
      ],
      "services": {
        "appinvite_service": {
          "other_platform_oauth_client": [
            {
              "client_id": "853399373310-6gsrft3lo1o49fmdl0h0tvuh4nbekg02.apps.googleusercontent.com",
              "client_type": 3
            },
            {
              "client_id": "853399373310-487g65edn31g9vheik5klofkt3jtu9qr.apps.googleusercontent.com",
              "client_type": 2,
              "ios_info": {
                "bundle_id": "net.appdevs.adgram"
              }
            }
          ]
        }
      }
    },
    {
      "client_info": {
        "mobilesdk_app_id": "1:853399373310:android:8e5f1a88055e080c9facaf",
        "android_client_info": {
          "package_name": "dev.money.app"
        }
      },
      "oauth_client": [
        {
          "client_id": "853399373310-7ngo9h5pq53jebbvfadh1psa9oki1as1.apps.googleusercontent.com",
          "client_type": 3
        }
      ],
      "api_key": [
        {
          "current_key": "AIzaSyAlIsqDqL_eLLRNsj2yTZpaMib1czfoVCU"
        }
      ],
      "services": {
        "appinvite_service": {
          "other_platform_oauth_client": [
            {
              "client_id": "853399373310-6gsrft3lo1o49fmdl0h0tvuh4nbekg02.apps.googleusercontent.com",
              "client_type": 3
            },
            {
              "client_id": "853399373310-487g65edn31g9vheik5klofkt3jtu9qr.apps.googleusercontent.com",
              "client_type": 2,
              "ios_info": {
                "bundle_id": "net.appdevs.adgram"
              }
            }
          ]
        }
      }
    },
    {
      "client_info": {
        "mobilesdk_app_id": "1:853399373310:android:4ffb694f90a6882b9facaf",
        "android_client_info": {
          "package_name": "net.appdevs.ad_live"
        }
      },
      "oauth_client": [
        {
          "client_id": "853399373310-7ngo9h5pq53jebbvfadh1psa9oki1as1.apps.googleusercontent.com",
          "client_type": 3
        }
      ],
      "api_key": [
        {
          "current_key": "AIzaSyAlIsqDqL_eLLRNsj2yTZpaMib1czfoVCU"
        }
      ],
      "services": {
        "appinvite_service": {
          "other_platform_oauth_client": [
            {
              "client_id": "853399373310-6gsrft3lo1o49fmdl0h0tvuh4nbekg02.apps.googleusercontent.com",
              "client_type": 3
            },
            {
              "client_id": "853399373310-487g65edn31g9vheik5klofkt3jtu9qr.apps.googleusercontent.com",
              "client_type": 2,
              "ios_info": {
                "bundle_id": "net.appdevs.adgram"
              }
            }
          ]
        }
      }
    },
    {
      "client_info": {
        "mobilesdk_app_id": "1:853399373310:android:75cadfa87e3766e99facaf",
        "android_client_info": {
          "package_name": "net.appdevs.adgpt"
        }
      },
      "oauth_client": [
        {
          "client_id": "853399373310-2p7sdonfdneh3mt4cba50lvp90ihdl8h.apps.googleusercontent.com",
          "client_type": 1,
          "android_info": {
            "package_name": "net.appdevs.adgpt",
            "certificate_hash": "58b2efde43867573a1670382c8413c8f314db5d4"
          }
        },
        {
          "client_id": "853399373310-3ur1ut1s9377qce1bovf5iinip25st7l.apps.googleusercontent.com",
          "client_type": 1,
          "android_info": {
            "package_name": "net.appdevs.adgpt",
            "certificate_hash": "4d5c9b720093de7623d204209c2151e6018be4dd"
          }
        },
        {
          "client_id": "853399373310-pjglkdncmamqvhqjh9sejrqqngfq3g11.apps.googleusercontent.com",
          "client_type": 1,
          "android_info": {
            "package_name": "net.appdevs.adgpt",
            "certificate_hash": "5281725706906c1fd399147eb5b0af6338eda603"
          }
        },
        {
          "client_id": "853399373310-rnse5ank11vs33adjcdvu57bgliqqeff.apps.googleusercontent.com",
          "client_type": 1,
          "android_info": {
            "package_name": "net.appdevs.adgpt",
            "certificate_hash": "9e86091e7bf41b690edd7689f1d189c3080570fa"
          }
        },
        {
          "client_id": "853399373310-tbh9jj16a2jthktkmhi1pplhoirv9lqq.apps.googleusercontent.com",
          "client_type": 1,
          "android_info": {
            "package_name": "net.appdevs.adgpt",
            "certificate_hash": "609c42cb59c674ddaa581c33ef3fb60a79a48c03"
          }
        },
        {
          "client_id": "853399373310-utokr11idt0dqf1auvndv22h4po28gs0.apps.googleusercontent.com",
          "client_type": 1,
          "android_info": {
            "package_name": "net.appdevs.adgpt",
            "certificate_hash": "6e47f6dadbd738a4b4b5bb0b1f43ea20ca386a79"
          }
        },
        {
          "client_id": "853399373310-7ngo9h5pq53jebbvfadh1psa9oki1as1.apps.googleusercontent.com",
          "client_type": 3
        }
      ],
      "api_key": [
        {
          "current_key": "AIzaSyAlIsqDqL_eLLRNsj2yTZpaMib1czfoVCU"
        }
      ],
      "services": {
        "appinvite_service": {
          "other_platform_oauth_client": [
            {
              "client_id": "853399373310-6gsrft3lo1o49fmdl0h0tvuh4nbekg02.apps.googleusercontent.com",
              "client_type": 3
            },
            {
              "client_id": "853399373310-487g65edn31g9vheik5klofkt3jtu9qr.apps.googleusercontent.com",
              "client_type": 2,
              "ios_info": {
                "bundle_id": "net.appdevs.adgram"
              }
            }
          ]
        }
      }
    },
    {
      "client_info": {
        "mobilesdk_app_id": "1:853399373310:android:c41f52a056ee165e9facaf",
        "android_client_info": {
          "package_name": "net.appdevs.adgram"
        }
      },
      "oauth_client": [
        {
          "client_id": "853399373310-fvas0obmifaq8kcr2n1h7g2uvje7mr1n.apps.googleusercontent.com",
          "client_type": 1,
          "android_info": {
            "package_name": "net.appdevs.adgram",
            "certificate_hash": "5281725706906c1fd399147eb5b0af6338eda603"
          }
        },
        {
          "client_id": "853399373310-7ngo9h5pq53jebbvfadh1psa9oki1as1.apps.googleusercontent.com",
          "client_type": 3
        }
      ],
      "api_key": [
        {
          "current_key": "AIzaSyAlIsqDqL_eLLRNsj2yTZpaMib1czfoVCU"
        }
      ],
      "services": {
        "appinvite_service": {
          "other_platform_oauth_client": [
            {
              "client_id": "853399373310-6gsrft3lo1o49fmdl0h0tvuh4nbekg02.apps.googleusercontent.com",
              "client_type": 3
            },
            {
              "client_id": "853399373310-487g65edn31g9vheik5klofkt3jtu9qr.apps.googleusercontent.com",
              "client_type": 2,
              "ios_info": {
                "bundle_id": "net.appdevs.adgram"
              }
            }
          ]
        }
      }
    },
    {
      "client_info": {
        "mobilesdk_app_id": "1:853399373310:android:261ab9dbe0bfdf3b9facaf",
        "android_client_info": {
          "package_name": "net.appdevs.adstudio"
        }
      },
      "oauth_client": [
        {
          "client_id": "853399373310-3uo801r4g0r7i9vca2k5qjh8trvq2mgr.apps.googleusercontent.com",
          "client_type": 1,
          "android_info": {
            "package_name": "net.appdevs.adstudio",
            "certificate_hash": "4d5c9b720093de7623d204209c2151e6018be4dd"
          }
        },
        {
          "client_id": "853399373310-ccm6pqomrfd2nk3vec8varmg96er1vov.apps.googleusercontent.com",
          "client_type": 1,
          "android_info": {
            "package_name": "net.appdevs.adstudio",
            "certificate_hash": "58b2efde43867573a1670382c8413c8f314db5d4"
          }
        },
        {
          "client_id": "853399373310-7ngo9h5pq53jebbvfadh1psa9oki1as1.apps.googleusercontent.com",
          "client_type": 3
        }
      ],
      "api_key": [
        {
          "current_key": "AIzaSyAlIsqDqL_eLLRNsj2yTZpaMib1czfoVCU"
        }
      ],
      "services": {
        "appinvite_service": {
          "other_platform_oauth_client": [
            {
              "client_id": "853399373310-6gsrft3lo1o49fmdl0h0tvuh4nbekg02.apps.googleusercontent.com",
              "client_type": 3
            },
            {
              "client_id": "853399373310-487g65edn31g9vheik5klofkt3jtu9qr.apps.googleusercontent.com",
              "client_type": 2,
              "ios_info": {
                "bundle_id": "net.appdevs.adgram"
              }
            }
          ]
        }
      }
    },
    {
      "client_info": {
        "mobilesdk_app_id": "1:853399373310:android:80497fb55945904e9facaf",
        "android_client_info": {
          "package_name": "net.appdevs.net.kfz_expertise"
        }
      },
      "oauth_client": [
        {
          "client_id": "853399373310-7ngo9h5pq53jebbvfadh1psa9oki1as1.apps.googleusercontent.com",
          "client_type": 3
        }
      ],
      "api_key": [
        {
          "current_key": "AIzaSyAlIsqDqL_eLLRNsj2yTZpaMib1czfoVCU"
        }
      ],
      "services": {
        "appinvite_service": {
          "other_platform_oauth_client": [
            {
              "client_id": "853399373310-6gsrft3lo1o49fmdl0h0tvuh4nbekg02.apps.googleusercontent.com",
              "client_type": 3
            },
            {
              "client_id": "853399373310-487g65edn31g9vheik5klofkt3jtu9qr.apps.googleusercontent.com",
              "client_type": 2,
              "ios_info": {
                "bundle_id": "net.appdevs.adgram"
              }
            }
          ]
        }
      }
    },
    {
      "client_info": {
        "mobilesdk_app_id": "1:853399373310:android:518f275ce0f861259facaf",
        "android_client_info": {
          "package_name": "net.appdevs.njangi"
        }
      },
      "oauth_client": [
        {
          "client_id": "853399373310-7ngo9h5pq53jebbvfadh1psa9oki1as1.apps.googleusercontent.com",
          "client_type": 3
        }
      ],
      "api_key": [
        {
          "current_key": "AIzaSyAlIsqDqL_eLLRNsj2yTZpaMib1czfoVCU"
        }
      ],
      "services": {
        "appinvite_service": {
          "other_platform_oauth_client": [
            {
              "client_id": "853399373310-6gsrft3lo1o49fmdl0h0tvuh4nbekg02.apps.googleusercontent.com",
              "client_type": 3
            },
            {
              "client_id": "853399373310-487g65edn31g9vheik5klofkt3jtu9qr.apps.googleusercontent.com",
              "client_type": 2,
              "ios_info": {
                "bundle_id": "net.appdevs.adgram"
              }
            }
          ]
        }
      }
    },
    {
      "client_info": {
        "mobilesdk_app_id": "1:853399373310:android:24ddb8f3d95fa6399facaf",
        "android_client_info": {
          "package_name": "net.appdevs.nusachat"
        }
      },
      "oauth_client": [
        {
          "client_id": "853399373310-vdl6qll890v5i3vv69acdp76voavlf3v.apps.googleusercontent.com",
          "client_type": 1,
          "android_info": {
            "package_name": "net.appdevs.nusachat",
            "certificate_hash": "5281725706906c1fd399147eb5b0af6338eda603"
          }
        },
        {
          "client_id": "853399373310-7ngo9h5pq53jebbvfadh1psa9oki1as1.apps.googleusercontent.com",
          "client_type": 3
        }
      ],
      "api_key": [
        {
          "current_key": "AIzaSyAlIsqDqL_eLLRNsj2yTZpaMib1czfoVCU"
        }
      ],
      "services": {
        "appinvite_service": {
          "other_platform_oauth_client": [
            {
              "client_id": "853399373310-6gsrft3lo1o49fmdl0h0tvuh4nbekg02.apps.googleusercontent.com",
              "client_type": 3
            },
            {
              "client_id": "853399373310-487g65edn31g9vheik5klofkt3jtu9qr.apps.googleusercontent.com",
              "client_type": 2,
              "ios_info": {
                "bundle_id": "net.appdevs.adgram"
              }
            }
          ]
        }
      }
    },
    {
      "client_info": {
        "mobilesdk_app_id": "1:853399373310:android:c6d7fe78e75fd5a39facaf",
        "android_client_info": {
          "package_name": "net.appdevs.pusherbeam"
        }
      },
      "oauth_client": [
        {
          "client_id": "853399373310-7ngo9h5pq53jebbvfadh1psa9oki1as1.apps.googleusercontent.com",
          "client_type": 3
        }
      ],
      "api_key": [
        {
          "current_key": "AIzaSyAlIsqDqL_eLLRNsj2yTZpaMib1czfoVCU"
        }
      ],
      "services": {
        "appinvite_service": {
          "other_platform_oauth_client": [
            {
              "client_id": "853399373310-6gsrft3lo1o49fmdl0h0tvuh4nbekg02.apps.googleusercontent.com",
              "client_type": 3
            },
            {
              "client_id": "853399373310-487g65edn31g9vheik5klofkt3jtu9qr.apps.googleusercontent.com",
              "client_type": 2,
              "ios_info": {
                "bundle_id": "net.appdevs.adgram"
              }
            }
          ]
        }
      }
    },
    {
      "client_info": {
        "mobilesdk_app_id": "1:853399373310:android:a6bebba9b8132da09facaf",
        "android_client_info": {
          "package_name": "net.appdevs.qrpayuser"
        }
      },
      "oauth_client": [
        {
          "client_id": "853399373310-7ngo9h5pq53jebbvfadh1psa9oki1as1.apps.googleusercontent.com",
          "client_type": 3
        }
      ],
      "api_key": [
        {
          "current_key": "AIzaSyAlIsqDqL_eLLRNsj2yTZpaMib1czfoVCU"
        }
      ],
      "services": {
        "appinvite_service": {
          "other_platform_oauth_client": [
            {
              "client_id": "853399373310-6gsrft3lo1o49fmdl0h0tvuh4nbekg02.apps.googleusercontent.com",
              "client_type": 3
            },
            {
              "client_id": "853399373310-487g65edn31g9vheik5klofkt3jtu9qr.apps.googleusercontent.com",
              "client_type": 2,
              "ios_info": {
                "bundle_id": "net.appdevs.adgram"
              }
            }
          ]
        }
      }
    }
  ],
  "configuration_version": "1"
}